当物质不再让我们发愁，精神世界能支撑生活吗？	Once material worries are gone, can our inner lives sustain us?	物質的な不安がなくなったとき、私たちの内面は生きる支えになれるでしょうか？	물질적인 걱정이 사라지면, 우리의 내면은 삶을 지탱할 수 있을까요?	Wenn materielle Sorgen wegfallen, kann unser Innenleben uns Halt geben?	Une fois les soucis matériels écartés, notre vie intérieure peut-elle nous soutenir ?	Когда материальные заботы исчезнут, сможет ли наш внутренний мир стать опорой в жизни?
如果不再需要为生计奔忙，我们是否仍能感到被需要、找到值得投入的事，并与他人建立真实的连接？物质的充裕，是否也能带来内心的充实？	If we no longer have to struggle to make a living, can we still feel needed, find something worth committing to, and form genuine connections with others? Does material abundance also bring inner fulfilment?	生活のために奔走する必要がなくなっても、自分が必要とされていると感じ、打ち込めるものを見つけ、人と確かなつながりを築けるでしょうか。物質的な豊かさは、心の充実ももたらすのでしょうか。	생계를 위해 분주하게 살 필요가 없어져도, 우리는 여전히 필요한 존재라고 느끼고, 마음을 쏟을 일을 찾으며, 타인과 진실한 관계를 맺을 수 있을까요? 물질적 풍요는 내면의 충만함도 가져다줄까요?	Wenn wir nicht mehr um unseren Lebensunterhalt kämpfen müssen, können wir uns weiterhin gebraucht fühlen, eine lohnende Aufgabe finden und echte Beziehungen aufbauen? Bringt materieller Wohlstand auch innere Erfüllung?	Si nous n’avons plus à nous battre pour gagner notre vie, pourrons-nous encore nous sentir utiles, trouver ce qui mérite notre engagement et nouer des liens authentiques ? L’abondance matérielle apporte-t-elle aussi un épanouissement intérieur ?	Если больше не нужно бороться за средства к существованию, сможем ли мы по-прежнему чувствовать себя нужными, находить дело, которому стоит посвятить себя, и строить искренние отношения? Приносит ли материальное изобилие внутреннюю наполненность?
当“怎样活下去”不再是难题，“为什么而活”会更容易回答吗？	When “How do I get by?” is no longer difficult, does “What do I live for?” become easier to answer?	「どう生き延びるか」が難問でなくなれば、「何のために生きるか」には答えやすくなるでしょうか？	‘어떻게 살아갈까’가 더 이상 어려운 문제가 아니라면, ‘무엇을 위해 살까’에는 더 쉽게 답할 수 있을까요?	Wenn „Wie komme ich über die Runden?“ keine schwierige Frage mehr ist, lässt sich „Wofür lebe ich?“ dann leichter beantworten?	Quand « Comment subsister ? » n’est plus un problème, est-il plus facile de répondre à « Pour quoi vivre ? » ?	Когда вопрос «Как выжить?» перестаёт быть трудным, становится ли легче ответить на вопрос «Ради чего жить?»
归属	Belonging	つながり	소속감	Zugehörigkeit	Appartenance	Причастность
我与谁相连？	Who am I connected to?	私は誰とつながっている？	나는 누구와 연결되어 있을까?	Mit wem bin ich verbunden?	À qui suis-je relié ?	С кем я связан?
价值	Worth	価値	가치	Wert	Valeur	Ценность
什么值得我投入？	What is worth my commitment?	何に心を注ぎたい？	무엇에 마음을 쏟을 가치가 있을까?	Wofür lohnt sich mein Einsatz?	Qu’est-ce qui mérite mon engagement ?	Чему стоит посвятить себя?
方向	Direction	これから	방향	Richtung	Direction	Направление
我为什么期待明天？	What makes me look forward to tomorrow?	何を楽しみに明日を迎える？	무엇이 내일을 기대하게 할까?	Worauf freue ich mich morgen?	Qu’est-ce qui me donne envie d’être à demain ?	Ради чего я жду завтрашнего дня?
设想我们不必再为物质生活发愁：精神世界是否足以支撑生活？被需要的感觉、人与人的连接、值得投入的目标，会自然出现，还是仍需慢慢建立？丰裕或许让一些压力退去，也可能让“为何而活”的问题更加清晰。	Imagine that we no longer need to worry about material necessities. Can our inner lives sustain us? Will a sense of being needed, human connections and worthwhile purposes arise on their own, or must we still build them over time? Abundance might ease some pressures while bringing the question of what we live for into sharper focus.	物質的な暮らしの心配がなくなったとします。私たちの内面は、生きる支えになれるでしょうか。必要とされる実感、人とのつながり、打ち込める目標は自然に生まれるのか、それとも時間をかけて育むものなのか。豊かさによって負担が減る一方で、「何のために生きるか」という問いが、より鮮明になるかもしれません。	물질적 생활을 걱정하지 않아도 된다고 상상해 봅시다. 우리의 내면은 삶을 충분히 지탱할 수 있을까요? 필요한 존재라는 느낌, 사람 사이의 연결, 마음을 쏟을 만한 목표는 저절로 생길까요, 아니면 여전히 시간을 들여 쌓아야 할까요? 풍요는 어떤 부담을 덜어 주는 동시에 ‘무엇을 위해 사는가’라는 질문을 더 선명하게 만들 수도 있습니다.	Stellen wir uns vor, dass wir uns um materielle Bedürfnisse keine Sorgen mehr machen müssen. Kann unser Innenleben uns tragen? Entstehen das Gefühl, gebraucht zu werden, menschliche Verbundenheit und lohnende Ziele von selbst, oder müssen wir sie weiterhin langsam aufbauen? Wohlstand könnte manche Belastungen lindern und zugleich die Frage, wofür wir leben, deutlicher hervortreten lassen.	Imaginons que nous n’ayons plus à nous soucier de nos besoins matériels. Notre vie intérieure suffit-elle à nous soutenir ? Le sentiment d’être utile, les liens humains et les buts qui valent notre engagement apparaîtront-ils spontanément, ou faudra-t-il encore les construire peu à peu ? L’abondance pourrait alléger certaines pressions tout en rendant plus présente la question de ce pour quoi nous vivons.	Представим, что нам больше не нужно беспокоиться о материальных нуждах. Достаточно ли нашего внутреннего мира, чтобы он стал опорой в жизни? Возникнут ли сами собой чувство нужности, человеческие связи и достойные цели, или их по-прежнему придётся постепенно создавать? Изобилие может снять часть забот и одновременно сделать вопрос «Ради чего жить?» ещё отчётливее.
